matchup,date,season,hundred_spread_fade,pts_diff,date_adjusted,date_adjusted_str,cumsum_hundred_spread_fade
BKN @ MIL,2016-10-29,2016-17,-100.0,-2.0,2023-10-29,2023-10-29,-100.0
CHA vs. BOS,2016-10-29,2016-17,90.9090909090909,-6.0,2023-10-29,2023-10-29,-9.090909090909093
OKC @ GS,2016-11-03,2016-17,86.95652173913044,-26.0,2023-11-03,2023-11-03,77.86561264822134
UTA @ PHI,2016-11-07,2016-17,-100.0,25.0,2023-11-07,2023-11-07,-22.134387351778656
TOR vs. NY,2016-11-12,2016-17,-100.0,11.0,2023-11-12,2023-11-12,-122.13438735177866
UTA @ MIA,2016-11-12,2016-17,-100.0,11.0,2023-11-12,2023-11-12,-222.13438735177866
ORL @ IND,2016-11-14,2016-17,90.9090909090909,-19.0,2023-11-14,2023-11-14,-131.22529644268775
CHA @ NO,2016-11-19,2016-17,86.95652173913044,-5.0,2023-11-19,2023-11-19,-44.26877470355731
MIN @ GS,2016-11-26,2016-17,90.9090909090909,-13.0,2023-11-26,2023-11-26,46.640316205533594
OKC vs. DET,2016-11-26,2016-17,-100.0,18.0,2023-11-26,2023-11-26,-53.359683794466406
MIA @ UTA,2016-12-01,2016-17,-100.0,1.0,2023-12-01,2023-12-01,-153.3596837944664
BOS @ PHI,2016-12-03,2016-17,100.0,1.0,2023-12-03,2023-12-03,-53.359683794466406
SA @ MIN,2016-12-06,2016-17,-100.0,14.0,2023-12-06,2023-12-06,-153.3596837944664
DET @ CHA,2016-12-07,2016-17,90.9090909090909,-10.0,2023-12-07,2023-12-07,-62.4505928853755
TOR @ BOS,2016-12-09,2016-17,-100.0,7.0,2023-12-09,2023-12-09,-162.4505928853755
NO @ HOU,2016-12-16,2016-17,95.23809523809524,-22.0,2023-12-16,2023-12-16,-67.21249764728026
WAS @ IND,2016-12-19,2016-17,-100.0,-2.0,2023-12-19,2023-12-19,-167.21249764728026
SAC @ UTA,2016-12-21,2016-17,-100.0,1.0,2023-12-21,2023-12-21,-267.21249764728026
CLE @ DET,2016-12-26,2016-17,88.49557522123894,-16.0,2023-12-26,2023-12-26,-178.71692242604132
CHA @ DET,2017-01-05,2016-17,-100.0,-1.0,2024-01-05,2024-01-05,-278.7169224260413
NY @ IND,2017-01-07,2016-17,97.0873786407767,-14.0,2024-01-07,2024-01-07,-181.62954378526462
BOS vs. NO,2017-01-07,2016-17,-100.0,9.0,2024-01-07,2024-01-07,-281.6295437852646
UTA @ MEM,2017-01-08,2016-17,95.23809523809524,-9.0,2024-01-08,2024-01-08,-186.39144854716938
PHI @ ATL,2017-01-21,2016-17,90.9090909090909,-17.0,2024-01-21,2024-01-21,-95.48235763807847
DAL vs. CLE,2017-01-30,2016-17,-100.0,7.0,2024-01-30,2024-01-30,-195.48235763807847
OKC @ IND,2017-02-06,2016-17,-100.0,-3.0,2024-02-06,2024-02-06,-295.4823576380785
DET @ MIL,2017-02-13,2016-17,86.95652173913044,-13.0,2024-02-13,2024-02-13,-208.52583589894803
DET @ NO,2017-03-01,2016-17,90.09009009009009,-23.0,2024-03-01,2024-03-01,-118.43574580885794
PHI vs. DET,2017-03-04,2016-17,90.9090909090909,-30.0,2024-03-04,2024-03-04,-27.52665489976704
UTA vs. NO,2017-03-06,2016-17,0.0,5.0,2024-03-06,2024-03-06,-27.52665489976704
SA @ OKC,2017-03-09,2016-17,95.23809523809524,-10.0,2024-03-09,2024-03-09,67.7114403383282
ATL @ MEM,2017-03-11,2016-17,-100.0,17.0,2024-03-11,2024-03-11,-32.2885596616718
WAS @ POR,2017-03-11,2016-17,-100.0,1.0,2024-03-11,2024-03-11,-132.2885596616718
PHI @ ORL,2017-03-20,2016-17,-100.0,-3.0,2024-03-20,2024-03-20,-232.2885596616718
SAC vs. MEM,2017-03-27,2016-17,-100.0,1.0,2024-03-27,2024-03-27,-332.2885596616718
WAS @ LAC,2017-03-29,2016-17,90.9090909090909,-9.0,2024-03-29,2024-03-29,-241.3794687525809
DET @ MIL,2017-03-31,2016-17,-100.0,-3.0,2024-03-31,2024-03-31,-341.3794687525809
CHI @ NO,2017-04-02,2016-17,-100.0,7.0,2024-04-02,2024-04-02,-441.3794687525809
DEN @ HOU,2017-04-05,2016-17,-100.0,-6.0,2024-04-05,2024-04-05,-541.3794687525809
OKC vs. DEN,2017-04-12,2016-17,90.9090909090909,-6.0,2024-04-12,2024-04-12,-450.47037784349
HOU @ SAC,2017-10-18,2017-18,90.9090909090909,5.0,2023-10-18,2023-10-18,90.9090909090909
CLE @ BKN,2017-10-25,2017-18,95.23809523809524,-5.0,2023-10-25,2023-10-25,186.14718614718615
DET @ GS,2017-10-29,2017-18,-100.0,8.0,2023-10-29,2023-10-29,86.14718614718615
PHO @ WAS,2017-11-01,2017-18,-100.0,6.0,2023-11-01,2023-11-01,-13.852813852813853
NY @ ORL,2017-11-08,2017-18,93.45794392523365,-13.0,2023-11-08,2023-11-08,79.6051300724198
DET vs. CLE,2017-11-20,2017-18,92.5925925925926,-28.0,2023-11-20,2023-11-20,172.1977226650124
LAL @ SAC,2017-11-22,2017-18,90.9090909090909,-11.0,2023-11-22,2023-11-22,263.1068135741033
WAS @ PHI,2017-11-29,2017-18,-100.0,-5.0,2023-11-29,2023-11-29,163.10681357410328
SA @ PHO,2017-12-09,2017-18,86.95652173913044,3.0,2023-12-09,2023-12-09,250.06333531323372
MIL vs. UTA,2017-12-09,2017-18,-100.0,17.0,2023-12-09,2023-12-09,150.06333531323372
CHI vs. NY,2017-12-09,2017-18,-100.0,2.0,2023-12-09,2023-12-09,50.063335313233736
NO @ HOU,2017-12-11,2017-18,-100.0,-7.0,2023-12-11,2023-12-11,-49.936664686766264
MEM vs. BOS,2017-12-16,2017-18,93.45794392523365,-9.0,2023-12-16,2023-12-16,43.521279238467386
SAC @ BKN,2017-12-20,2017-18,-100.0,5.0,2023-12-20,2023-12-20,-56.478720761532614
MIL @ CHA,2017-12-23,2017-18,90.9090909090909,-5.0,2023-12-23,2023-12-23,34.43037014755829
MIL @ OKC,2017-12-29,2017-18,-100.0,2.0,2023-12-29,2023-12-29,-65.56962985244171
POR @ CLE,2018-01-02,2017-18,95.23809523809524,-17.0,2024-01-02,2024-01-02,29.668465385653533
PHO @ DEN,2018-01-03,2017-18,90.9090909090909,-23.0,2024-01-03,2024-01-03,120.57755629474444
CHI @ IND,2018-01-06,2017-18,86.95652173913044,-39.0,2024-01-06,2024-01-06,207.5340780338749
GS @ TOR,2018-01-13,2017-18,98.03921568627452,2.0,2024-01-13,2024-01-13,305.5732937201494
CHA @ DEN,2018-02-05,2017-18,90.9090909090909,-17.0,2024-02-05,2024-02-05,396.4823846292403
LAC @ PHI,2018-02-10,2017-18,90.9090909090909,-14.0,2024-02-10,2024-02-10,487.3914755383312
LAC vs. HOU,2018-02-28,2017-18,90.9090909090909,-13.0,2024-02-28,2024-02-28,578.3005664474222
OKC @ POR,2018-03-03,2017-18,92.5925925925926,-8.0,2024-03-03,2024-03-03,670.8931590400147
POR vs. NY,2018-03-06,2017-18,-100.0,24.0,2024-03-06,2024-03-06,570.8931590400147
TOR @ DET,2018-03-07,2017-18,86.95652173913044,2.0,2024-03-07,2024-03-07,657.8496807791452
GS @ POR,2018-03-09,2017-18,92.5925925925926,-17.0,2024-03-09,2024-03-09,750.4422733717378
OKC @ ATL,2018-03-13,2017-18,-100.0,12.0,2024-03-13,2024-03-13,650.4422733717378
LAL @ GS,2018-03-14,2017-18,95.23809523809524,-11.0,2024-03-14,2024-03-14,745.680368609833
TOR vs. DAL,2018-03-16,2017-18,90.9090909090909,7.0,2024-03-16,2024-03-16,836.5894595189238
PHI vs. BKN,2018-03-16,2017-18,95.23809523809524,4.0,2024-03-16,2024-03-16,931.8275547570191
TOR @ CLE,2018-03-21,2017-18,95.23809523809524,-3.0,2024-03-21,2024-03-21,1027.0656499951144
NO vs. LAL,2018-03-22,2017-18,0.0,3.0,2024-03-22,2024-03-22,1027.0656499951144
CHA vs. MEM,2018-03-22,2017-18,-100.0,61.0,2024-03-22,2024-03-22,927.0656499951144
LAC @ PHO,2018-03-28,2017-18,-100.0,12.0,2024-03-28,2024-03-28,827.0656499951144
POR @ MEM,2018-03-28,2017-18,95.23809523809524,-5.0,2024-03-28,2024-03-28,922.3037452332096
CLE @ PHI,2018-04-06,2017-18,-100.0,-2.0,2024-04-06,2024-04-06,822.3037452332096
BKN @ IND,2018-10-20,2018-19,98.03921568627452,-20.0,2023-10-20,2023-10-20,98.03921568627452
NO vs. UTA,2018-10-27,2018-19,99.00990099009901,-21.0,2023-10-27,2023-10-27,197.04911667637353
OKC @ WAS,2018-11-02,2018-19,-100.0,23.0,2023-11-02,2023-11-02,97.04911667637353
BOS @ UTA,2018-11-09,2018-19,95.23809523809524,-8.0,2023-11-09,2023-11-09,192.28721191446877
BOS vs. UTA,2018-11-17,2018-19,91.74311926605505,-12.0,2023-11-17,2023-11-17,284.03033118052383
NO vs. DEN,2018-11-17,2018-19,-100.0,10.0,2023-11-17,2023-11-17,184.03033118052383
LAC @ WAS,2018-11-20,2018-19,90.9090909090909,-7.0,2023-11-20,2023-11-20,274.9394220896147
TOR @ ATL,2018-11-21,2018-19,-100.0,16.0,2023-11-21,2023-11-21,174.9394220896147
BKN @ DAL,2018-11-21,2018-19,92.5925925925926,-6.0,2023-11-21,2023-11-21,267.5320146822073
CHI vs. BOS,2018-12-08,2018-19,91.74311926605505,-56.0,2023-12-08,2023-12-08,359.27513394826235
CLE @ CHA,2018-12-19,2018-19,-100.0,-11.0,2023-12-19,2023-12-19,259.27513394826235
NO vs. HOU,2018-12-29,2018-19,93.45794392523365,-4.0,2023-12-29,2023-12-29,352.73307787349603
ORL vs. HOU,2019-01-13,2018-19,-100.0,7.0,2024-01-13,2024-01-13,252.73307787349603
DET vs. SAC,2019-01-19,2018-19,0.0,-2.0,2024-01-19,2024-01-19,252.73307787349603
CHA vs. CHI,2019-02-02,2018-19,0.0,7.0,2024-02-02,2024-02-02,252.73307787349603
LAC @ TOR,2019-02-03,2018-19,91.74311926605505,-18.0,2024-02-03,2024-02-03,344.47619713955106
DAL @ HOU,2019-02-11,2018-19,91.74311926605505,-16.0,2024-02-11,2024-02-11,436.2193164056061
GS @ POR,2019-02-13,2018-19,97.0873786407767,-22.0,2024-02-13,2024-02-13,533.3066950463829
OKC vs. SAC,2019-02-23,2018-19,84.7457627118644,-3.0,2024-02-23,2024-02-23,618.0524577582472
HOU vs. MIA,2019-02-28,2018-19,91.74311926605505,3.0,2024-02-28,2024-02-28,709.7955770243022
MIL @ UTA,2019-03-02,2018-19,-100.0,-4.0,2024-03-02,2024-03-02,609.7955770243022
ORL @ CLE,2019-03-03,2018-19,84.03361344537815,-14.0,2024-03-03,2024-03-03,693.8291904696804
CHA @ MIL,2019-03-09,2018-19,98.03921568627452,-17.0,2024-03-09,2024-03-09,791.868406155955
MIN vs. NY,2019-03-10,2018-19,-100.0,11.0,2024-03-10,2024-03-10,691.868406155955
NY @ TOR,2019-03-18,2018-19,90.9090909090909,-36.0,2024-03-18,2024-03-18,782.7774970650458
DET @ CLE,2019-03-18,2018-19,90.9090909090909,-7.0,2024-03-18,2024-03-18,873.6865879741367
PHI vs. BOS,2019-03-20,2018-19,91.74311926605505,3.0,2024-03-20,2024-03-20,965.4297072401918
CHA @ TOR,2019-03-24,2018-19,-100.0,1.0,2024-03-24,2024-03-24,865.4297072401918
BOS @ BKN,2019-03-30,2018-19,90.9090909090909,-14.0,2024-03-30,2024-03-30,956.3387981492826
MEM @ LAC,2019-03-31,2018-19,90.9090909090909,-17.0,2024-03-31,2024-03-31,1047.2478890583736
SA @ DEN,2019-04-03,2018-19,86.95652173913044,-28.0,2024-04-03,2024-04-03,1134.2044107975041
DET @ NY,2019-04-10,2018-19,-100.0,26.0,2024-04-10,2024-04-10,1034.2044107975041
OKC @ MIL,2019-04-10,2018-19,-100.0,11.0,2024-04-10,2024-04-10,934.204410797504
POR vs. SAC,2019-04-10,2018-19,-100.0,5.0,2024-04-10,2024-04-10,834.204410797504
CLE vs. PHI,2020-12-27,2020-21,-100.0,24.0,2023-12-27,2023-12-27,-100.0
BOS vs. MEM,2020-12-30,2020-21,-100.0,19.0,2023-12-30,2023-12-30,-200.0
CHI @ SAC,2021-01-06,2020-21,-100.0,-4.0,2024-01-06,2024-01-06,-300.0
CHA vs. ATL,2021-01-09,2020-21,-100.0,8.0,2024-01-09,2024-01-09,-400.0
SA @ MIN,2021-01-10,2020-21,90.9090909090909,-8.0,2024-01-10,2024-01-10,-309.0909090909091
POR vs. IND,2021-01-14,2020-21,90.9090909090909,-24.0,2024-01-14,2024-01-14,-218.1818181818182
DEN @ PHO,2021-01-23,2020-21,-100.0,8.0,2024-01-23,2024-01-23,-318.1818181818182
HOU @ DAL,2021-01-23,2020-21,-100.0,25.0,2024-01-23,2024-01-23,-418.1818181818182
CHA @ ORL,2021-01-25,2020-21,90.9090909090909,-9.0,2024-01-25,2024-01-25,-327.27272727272725
UTA vs. DAL,2021-01-27,2020-21,-100.0,12.0,2024-01-27,2024-01-27,-427.27272727272725
SA vs. GS,2021-02-09,2020-21,90.9090909090909,-23.0,2024-02-09,2024-02-09,-336.3636363636364
POR vs. CLE,2021-02-12,2020-21,-100.0,19.0,2024-02-12,2024-02-12,-436.3636363636364
PHO @ MEM,2021-02-20,2020-21,-100.0,31.0,2024-02-20,2024-02-20,-536.3636363636364
WAS @ LAC,2021-02-23,2020-21,90.9090909090909,-19.0,2024-02-23,2024-02-23,-445.4545454545455
CHA @ POR,2021-03-01,2020-21,90.9090909090909,-12.0,2024-03-01,2024-03-01,-354.54545454545456
ATL @ ORL,2021-03-03,2020-21,0.0,3.0,2024-03-03,2024-03-03,-354.54545454545456
IND vs. DEN,2021-03-04,2020-21,90.9090909090909,-10.0,2024-03-04,2024-03-04,-263.6363636363636
SAC @ POR,2021-03-04,2020-21,-100.0,-4.0,2024-03-04,2024-03-04,-363.6363636363636
POR @ MIN,2021-03-14,2020-21,90.9090909090909,-2.0,2024-03-14,2024-03-14,-272.72727272727275
PHI vs. MIL,2021-03-17,2020-21,-100.0,-4.0,2024-03-17,2024-03-17,-372.72727272727275
MIN @ PHO,2021-03-19,2020-21,90.9090909090909,-12.0,2024-03-19,2024-03-19,-281.81818181818187
MIN vs. HOU,2021-03-27,2020-21,90.9090909090909,-22.0,2024-03-27,2024-03-27,-190.90909090909093
MIA vs. GS,2021-04-01,2020-21,-100.0,7.0,2024-04-01,2024-04-01,-290.90909090909093
BKN vs. CHA,2021-04-01,2020-21,-100.0,22.0,2024-04-01,2024-04-01,-390.90909090909093
TOR vs. LAL,2021-04-06,2020-21,90.9090909090909,-9.0,2024-04-06,2024-04-06,-300.0
PHO @ LAC,2021-04-08,2020-21,90.9090909090909,-10.0,2024-04-08,2024-04-08,-209.09090909090912
NO vs. SAC,2021-04-12,2020-21,-100.0,7.0,2024-04-12,2024-04-12,-309.0909090909091
SA @ ORL,2021-04-12,2020-21,-100.0,23.0,2024-04-12,2024-04-12,-409.0909090909091
WAS vs. DET,2021-04-17,2020-21,-100.0,21.0,2024-04-17,2024-04-17,-509.0909090909091
MIN @ SAC,2021-04-21,2020-21,0.0,-3.0,2024-04-21,2024-04-21,-509.0909090909091
ATL @ DET,2021-04-26,2020-21,90.9090909090909,-14.0,2024-04-26,2024-04-26,-418.18181818181824
WAS vs. SA,2021-04-26,2020-21,90.9090909090909,-3.0,2024-04-26,2024-04-26,-327.2727272727273
DAL vs. SAC,2021-05-02,2020-21,95.23809523809524,-12.0,2024-05-02,2024-05-02,-232.03463203463207
MIL vs. WAS,2021-05-05,2020-21,90.9090909090909,1.0,2024-05-05,2024-05-05,-141.12554112554116
DAL vs. CLE,2021-05-07,2020-21,-100.0,20.0,2024-05-07,2024-05-07,-241.12554112554116
PHI vs. DET,2021-05-08,2020-21,-100.0,14.0,2024-05-08,2024-05-08,-341.1255411255412
UTA vs. HOU,2021-05-08,2020-21,90.9090909090909,8.0,2024-05-08,2024-05-08,-250.21645021645026
SA @ POR,2021-05-08,2020-21,95.23809523809524,-22.0,2024-05-08,2024-05-08,-154.97835497835501
NO @ MEM,2021-05-10,2020-21,-100.0,-5.0,2024-05-10,2024-05-10,-254.97835497835501
MEM vs. DAL,2021-05-11,2020-21,-100.0,29.0,2024-05-11,2024-05-11,-354.978354978355
LAL vs. HOU,2021-05-12,2020-21,90.9090909090909,2.0,2024-05-12,2024-05-12,-264.06926406926414
ATL vs. ORL,2021-05-13,2020-21,-100.0,23.0,2024-05-13,2024-05-13,-364.06926406926414
ORL @ MIA,2021-10-25,2021-22,90.9090909090909,-17.0,2023-10-25,2023-10-25,90.9090909090909
LAL @ OKC,2021-10-27,2021-22,90.9090909090909,-8.0,2023-10-27,2023-10-27,181.8181818181818
TOR @ IND,2021-10-30,2021-22,-100.0,3.0,2023-10-30,2023-10-30,81.81818181818181
POR vs. LAL,2021-11-06,2021-22,-100.0,15.0,2023-11-06,2023-11-06,-18.181818181818187
MIL @ NY,2021-11-10,2021-22,-100.0,12.0,2023-11-10,2023-11-10,-118.18181818181819
GS @ DET,2021-11-19,2021-22,-100.0,3.0,2023-11-19,2023-11-19,-218.1818181818182
NY @ CHI,2021-11-21,2021-22,90.9090909090909,-6.0,2023-11-21,2023-11-21,-127.27272727272728
CHI vs. IND,2021-11-22,2021-22,90.9090909090909,-32.0,2023-11-22,2023-11-22,-36.363636363636374
MIA @ MIN,2021-11-24,2021-22,95.23809523809524,-12.0,2023-11-24,2023-11-24,58.87445887445887
NO @ UTA,2021-11-27,2021-22,90.9090909090909,-22.0,2023-11-27,2023-11-27,149.78354978354977
BKN @ HOU,2021-12-08,2021-22,90.9090909090909,-10.0,2023-12-08,2023-12-08,240.69264069264068
GS @ NY,2021-12-14,2021-22,-100.0,9.0,2023-12-14,2023-12-14,140.69264069264068
CHI vs. HOU,2021-12-20,2021-22,-100.0,15.0,2023-12-20,2023-12-20,40.69264069264068
MIN vs. NY,2021-12-28,2021-22,90.9090909090909,-8.0,2023-12-28,2023-12-28,131.6017316017316
UTA vs. GS,2022-01-01,2021-22,90.9090909090909,-7.0,2024-01-01,2024-01-01,222.5108225108225
ORL @ DAL,2022-01-15,2021-22,90.9090909090909,-16.0,2024-01-15,2024-01-15,313.4199134199134
MIA vs. PHI,2022-01-15,2021-22,90.9090909090909,-11.0,2024-01-15,2024-01-15,404.3290043290043
CLE @ OKC,2022-01-15,2021-22,0.0,5.0,2024-01-15,2024-01-15,404.3290043290043
MIN @ ATL,2022-01-19,2021-22,90.9090909090909,-12.0,2024-01-19,2024-01-19,495.2380952380952
IND @ GS,2022-01-20,2021-22,-100.0,4.0,2024-01-20,2024-01-20,395.2380952380952
MIL vs. SAC,2022-01-22,2021-22,90.9090909090909,6.0,2024-01-22,2024-01-22,486.1471861471861
LAC @ ORL,2022-01-26,2021-22,-100.0,9.0,2024-01-26,2024-01-26,386.1471861471861
IND @ DAL,2022-01-29,2021-22,90.9090909090909,-27.0,2024-01-29,2024-01-29,477.05627705627705
ATL vs. TOR,2022-01-31,2021-22,90.9090909090909,-6.0,2024-01-31,2024-01-31,567.9653679653679
SAC @ GS,2022-02-03,2021-22,-100.0,-12.0,2024-02-03,2024-02-03,467.96536796536793
LAL @ LAC,2022-02-03,2021-22,-100.0,-1.0,2024-02-03,2024-02-03,367.96536796536793
OKC @ SAC,2022-02-05,2021-22,88.49557522123894,-10.0,2024-02-05,2024-02-05,456.46094318660687
CLE @ PHI,2022-02-12,2021-22,90.9090909090909,-10.0,2024-02-12,2024-02-12,547.3700340956977
MIN vs. TOR,2022-02-16,2021-22,90.9090909090909,-12.0,2024-02-16,2024-02-16,638.2791250047887
BKN vs. WAS,2022-02-17,2021-22,90.9090909090909,-14.0,2024-02-17,2024-02-17,729.1882159138796
BOS @ IND,2022-02-27,2021-22,90.9090909090909,-21.0,2024-02-27,2024-02-27,820.0973068229705
ATL @ WAS,2022-03-04,2021-22,90.9090909090909,3.0,2024-03-04,2024-03-04,911.0063977320614
PHI @ MIA,2022-03-05,2021-22,90.9090909090909,-17.0,2024-03-05,2024-03-05,1001.9154886411523
DEN vs. GS,2022-03-07,2021-22,90.9090909090909,7.0,2024-03-07,2024-03-07,1092.8245795502432
SA vs. IND,2022-03-12,2021-22,90.9090909090909,-11.0,2024-03-12,2024-03-12,1183.733670459334
LAC @ CLE,2022-03-14,2021-22,90.9090909090909,-9.0,2024-03-14,2024-03-14,1274.642761368425
PHI vs. DEN,2022-03-14,2021-22,90.9090909090909,-4.0,2024-03-14,2024-03-14,1365.551852277516
LAL @ WAS,2022-03-19,2021-22,83.33333333333333,-8.0,2024-03-19,2024-03-19,1448.8851856108492
CLE vs. DET,2022-03-19,2021-22,90.9090909090909,4.0,2024-03-19,2024-03-19,1539.7942765199402
TOR @ CHI,2022-03-21,2021-22,90.9090909090909,-14.0,2024-03-21,2024-03-21,1630.703367429031
ORL @ OKC,2022-03-23,2021-22,95.23809523809524,-16.0,2024-03-23,2024-03-23,1725.9414626671264
ATL @ DET,2022-03-23,2021-22,90.9090909090909,-21.0,2024-03-23,2024-03-23,1816.8505535762172
MEM vs. IND,2022-03-24,2021-22,-100.0,30.0,2024-03-24,2024-03-24,1716.8505535762172
PHO @ DEN,2022-03-24,2021-22,-100.0,10.0,2024-03-24,2024-03-24,1616.8505535762172
DET @ OKC,2022-04-01,2021-22,-100.0,9.0,2024-04-01,2024-04-01,1516.8505535762172
GS @ SAC,2022-04-03,2021-22,-100.0,19.0,2024-04-03,2024-04-03,1416.8505535762172
OKC @ UTA,2022-04-06,2021-22,95.23809523809524,-36.0,2024-04-06,2024-04-06,1512.0886488143124
MEM @ DAL,2022-10-22,2022-23,90.9090909090909,-41.0,2023-10-22,2023-10-22,90.9090909090909
POR vs. DEN,2022-10-24,2022-23,-100.0,25.0,2023-10-24,2023-10-24,-9.090909090909093
MIA vs. SAC,2022-11-02,2022-23,90.9090909090909,3.0,2023-11-02,2023-11-02,81.81818181818181
CHI vs. CHA,2022-11-02,2022-23,-100.0,18.0,2023-11-02,2023-11-02,-18.181818181818187
NY vs. BOS,2022-11-05,2022-23,90.9090909090909,-15.0,2023-11-05,2023-11-05,72.72727272727272
UTA vs. LAL,2022-11-07,2022-23,-100.0,23.0,2023-11-07,2023-11-07,-27.27272727272728
NO vs. POR,2022-11-10,2022-23,86.95652173913044,-11.0,2023-11-10,2023-11-10,59.68379446640316
NY @ DEN,2022-11-16,2022-23,-100.0,3.0,2023-11-16,2023-11-16,-40.31620553359684
HOU vs. OKC,2022-11-26,2022-23,-100.0,13.0,2023-11-26,2023-11-26,-140.31620553359684
CLE @ TOR,2022-11-28,2022-23,90.9090909090909,-12.0,2023-11-28,2023-11-28,-49.40711462450594
LAC @ UTA,2022-11-30,2022-23,90.9090909090909,-13.0,2023-11-30,2023-11-30,41.50197628458497
HOU @ GS,2022-12-03,2022-23,90.9090909090909,-19.0,2023-12-03,2023-12-03,132.41106719367588
CLE vs. DAL,2022-12-17,2022-23,90.9090909090909,1.0,2023-12-17,2023-12-17,223.32015810276678
ORL @ ATL,2022-12-19,2022-23,-100.0,-1.0,2023-12-19,2023-12-19,123.32015810276678
LAL @ PHO,2022-12-19,2022-23,90.9090909090909,-26.0,2023-12-19,2023-12-19,214.2292490118577
LAC @ TOR,2022-12-27,2022-23,-100.0,11.0,2023-12-27,2023-12-27,114.22924901185769
DEN @ SAC,2022-12-28,2022-23,-100.0,-1.0,2023-12-28,2023-12-28,14.22924901185769
SAC vs. ATL,2023-01-04,2022-23,90.9090909090909,-3.0,2024-01-04,2024-01-04,105.1383399209486
ATL @ TOR,2023-01-14,2022-23,-100.0,11.0,2024-01-14,2024-01-14,5.138339920948596
TOR @ MIL,2023-01-17,2022-23,90.9090909090909,-8.0,2024-01-17,2024-01-17,96.0474308300395
MIL vs. TOR,2023-01-17,2022-23,-100.0,8.0,2024-01-17,2024-01-17,-3.9525691699604977
ORL @ WAS,2023-01-21,2022-23,90.9090909090909,-20.0,2024-01-21,2024-01-21,86.95652173913041
IND @ ORL,2023-01-25,2022-23,90.9090909090909,-6.0,2024-01-25,2024-01-25,177.86561264822132
DET vs. PHO,2023-02-04,2022-23,86.95652173913044,-16.0,2024-02-04,2024-02-04,264.82213438735175
POR @ CHI,2023-02-04,2022-23,95.23809523809524,-8.0,2024-02-04,2024-02-04,360.060229625447
NO vs. SAC,2023-02-05,2022-23,-100.0,32.0,2024-02-05,2024-02-05,260.060229625447
PHI @ BKN,2023-02-11,2022-23,-100.0,3.0,2024-02-11,2024-02-11,160.060229625447
UTA @ NY,2023-02-11,2022-23,-100.0,-6.0,2024-02-11,2024-02-11,60.06022962544699
MIA @ ORL,2023-03-11,2022-23,90.9090909090909,-12.0,2024-03-11,2024-03-11,150.9693205345379
CHI vs. MIA,2023-03-18,2022-23,-100.0,14.0,2024-03-18,2024-03-18,50.9693205345379
MEM vs. GS,2023-03-18,2022-23,-100.0,14.0,2024-03-18,2024-03-18,-49.0306794654621
ORL @ LAL,2023-03-19,2022-23,-100.0,-6.0,2024-03-19,2024-03-19,-149.0306794654621
UTA @ LAL,2023-04-09,2022-23,-100.0,-11.0,2024-04-09,2024-04-09,-249.0306794654621
CHI @ DET,2023-10-28,2023-24,90.9090909090909,-16.0,2023-10-28,2023-10-28,90.9090909090909
BKN vs. BOS,2023-11-04,2023-24,86.95652173913044,-10.0,2023-11-04,2023-11-04,177.86561264822134
CHA @ DAL,2023-11-05,2023-24,-100.0,-6.0,2023-11-05,2023-11-05,77.86561264822134
DAL @ ORL,2023-11-06,2023-24,-100.0,15.0,2023-11-06,2023-11-06,-22.134387351778656
MIL @ IND,2023-11-09,2023-24,83.33333333333333,-2.0,2023-11-09,2023-11-09,61.19894598155467
MIN @ PHO,2023-11-15,2023-24,95.23809523809524,-18.0,2023-11-15,2023-11-15,156.43704121964993
OKC @ POR,2023-11-19,2023-24,-100.0,43.0,2023-11-19,2023-11-19,56.43704121964991
MEM vs. BOS,2023-11-19,2023-24,-100.0,-2.0,2023-11-19,2023-11-19,-43.56295878035009
SAC vs. LAC,2023-11-29,2023-24,90.9090909090909,-14.0,2023-11-29,2023-11-29,47.34613212874082
NY @ TOR,2023-12-01,2023-24,-100.0,13.0,2023-12-01,2023-12-01,-52.65386787125918
BKN @ DEN,2023-12-14,2023-24,90.9090909090909,-23.0,2023-12-14,2023-12-14,38.255223037831726
NY @ LAC,2023-12-16,2023-24,90.9090909090909,-22.0,2023-12-16,2023-12-16,129.16431394692262
CLE vs. NO,2023-12-21,2023-24,86.95652173913044,-19.0,2023-12-21,2023-12-21,216.12083568605306
PHI @ CHI,2023-12-30,2023-24,100.0,-13.0,2023-12-30,2023-12-30,316.12083568605306
DEN vs. ORL,2024-01-05,2023-24,86.95652173913044,-2.0,2024-01-05,2024-01-05,403.0773574251835
BOS @ MIL,2024-01-11,2023-24,95.23809523809524,-33.0,2024-01-11,2024-01-11,498.31545266327873
HOU @ BOS,2024-01-13,2023-24,90.9090909090909,-32.0,2024-01-13,2024-01-13,589.2245435723696
ATL vs. CLE,2024-01-20,2023-24,86.95652173913044,-21.0,2024-01-20,2024-01-20,676.1810653115001
ORL @ DAL,2024-01-29,2023-24,-100.0,-2.0,2024-01-29,2024-01-29,576.1810653115001
BOS vs. IND,2024-01-30,2023-24,95.23809523809524,5.0,2024-01-30,2024-01-30,671.4191605495953
DET @ POR,2024-02-08,2023-24,-100.0,6.0,2024-02-08,2024-02-08,571.4191605495953
CHA @ GS,2024-02-23,2023-24,90.9090909090909,-13.0,2024-02-23,2024-02-23,662.3282514586863
LAL vs. WAS,2024-02-29,2023-24,90.9090909090909,3.0,2024-02-29,2024-02-29,753.2373423677772
LAC @ MIL,2024-03-04,2023-24,86.95652173913044,-7.0,2024-03-04,2024-03-04,840.1938641069075
CLE @ ATL,2024-03-06,2023-24,86.95652173913044,-11.0,2024-03-06,2024-03-06,927.150385846038
LAC vs. MIL,2024-03-10,2023-24,90.9090909090909,-7.0,2024-03-10,2024-03-10,1018.0594767551289
LAL @ MEM,2024-03-27,2023-24,-100.0,12.0,2024-03-27,2024-03-27,918.0594767551289
BKN vs. SAC,2024-04-07,2023-24,90.9090909090909,-30.0,2024-04-07,2024-04-07,1008.9685676642198
OKC vs. SA,2024-04-10,2023-24,-100.0,38.0,2024-04-10,2024-04-10,908.9685676642198
LAC @ GS,2024-10-27,2024-25,-100.0,8.0,2023-10-27,2023-10-27,-100.0
DEN @ BKN,2024-10-29,2024-25,90.9090909090909,5.0,2023-10-29,2023-10-29,-9.090909090909093
MIN vs. POR,2024-11-08,2024-25,-100.0,25.0,2023-11-08,2023-11-08,-109.0909090909091
SAC @ SA,2024-11-11,2024-25,90.9090909090909,-20.0,2023-11-11,2023-11-11,-18.181818181818187
CHA @ CLE,2024-11-17,2024-25,86.95652173913044,-14.0,2023-11-17,2023-11-17,68.77470355731225
BOS vs. MEM,2024-12-07,2024-25,86.95652173913044,-6.0,2023-12-07,2023-12-07,155.7312252964427
DEN vs. PHO,2024-12-23,2024-25,-100.0,27.0,2023-12-23,2023-12-23,55.73122529644269
BKN vs. SA,2024-12-27,2024-25,95.23809523809524,-9.0,2023-12-27,2023-12-27,150.96932053453793
LAC @ SA,2024-12-31,2024-25,,,2023-12-31,2023-12-31,
